{"_runtime":101.361646264,"_step":0,"test_accuracy":0.8356164383561644,"test_preference_margin":3851.1197961258563,"test_samples":73,"_wandb":{"runtime":101},"_timestamp":1.7465855479058895e+09}