{"test_accuracy":0.8356164383561644,"test_preference_margin":3522.796774668236,"test_samples":73,"_timestamp":1.746500188817301e+09,"_runtime":88.362357213,"_step":0,"_wandb":{"runtime":88}}