{"train/rewards/chosen":-3.002073287963867,"_step":5,"train/logits/rejected":NaN,"train/learning_rate":2.02158273381295e-06,"train_runtime":24438.3508,"train_steps_per_second":0.114,"train/logits/chosen":NaN,"train/logps/rejected":-726.7320556640625,"train/grad_norm":0.1474609375,"train/global_step":2780,"total_flos":0,"train/rewards/rejected":-44.56951141357422,"_timestamp":1.746545829260542e+09,"train/loss":0.0475,"train/logps/chosen":-135.62051391601562,"_wandb":{"runtime":24502},"_runtime":24437.377229037,"train/epoch":19.99463327370304,"train_samples_per_second":0.915,"train_loss":0.055166674003326636,"train/rewards/margins":41.56743240356445,"train/rewards/accuracies":0.9389331936836243}