{"_timestamp":1.746583937147194e+09,"_runtime":95.773928627,"_step":0,"_wandb":{"runtime":95},"test_accuracy":0.5571428571428572,"test_preference_margin":-4.7239013671875,"test_samples":70}