{"_step":0,"_wandb":{"runtime":89},"test_accuracy":0.5428571428571428,"test_preference_margin":86.00045427594866,"test_samples":70,"_timestamp":1.7465064600191097e+09,"_runtime":89.377513106}