{"_runtime":85.503844529,"_step":0,"test_accuracy":0.2714285714285714,"test_preference_margin":-4711.497159249442,"test_samples":70,"_timestamp":1.7465000243718638e+09,"_wandb":{"runtime":85}}