{"_step":0,"test_accuracy":0.6539792387543253,"test_preference_margin":919.4652315027573,"test_samples":289,"_timestamp":1.7465872729189026e+09,"_wandb":{"runtime":101},"_runtime":100.792463298}