{"_timestamp":1.7465851128662632e+09,"_runtime":98.621513013,"_step":0,"_wandb":{"runtime":98},"test_accuracy":0.8082191780821918,"test_preference_margin":1311.2986742829623,"test_samples":73}