{"test_accuracy":0.42857142857142855,"test_preference_margin":-2060.736448451451,"test_samples":70,"_timestamp":1.7465004119215293e+09,"_wandb":{"runtime":87},"_runtime":87.48861892,"_step":0}