{"_runtime":1459.190586183,"total_flos":0,"train_runtime":1463.8484,"train_samples_per_second":0.572,"train_steps_per_second":0.072,"train_loss":0.09943867637997582,"_wandb":{"runtime":1503},"_step":0,"train/epoch":3,"train/global_step":105,"_timestamp":1.7454869855458035e+09}