{"test_samples":280,"_timestamp":1.74658466665085e+09,"_runtime":277.414095804,"_step":0,"test_accuracy":0.46785714285714286,"test_preference_margin":-106.57685285295759,"_wandb":{"runtime":277}}