{"total_flos":0,"_runtime":3740.806599255,"_step":0,"train_samples_per_second":0.896,"train_loss":0.08182079214558041,"_wandb":{"runtime":3776},"train/global_step":417,"train_steps_per_second":0.111,"train/epoch":2.994633273703041,"_timestamp":1.746504685719995e+09,"train_runtime":3742.0971}